{
  "configs": [
    {
      "bloom": {
        "enabled": true,
        "strength": 0.5,
        "threshold": 0.15000000596046448
      },
      "hasData": true,
      "material": {
        "albedoB": 0.20000000298023224,
        "albedoG": 0.30000001192092896,
        "albedoR": 0.800000011920929,
        "ambientStrength": 0.0010000000474974513,
        "emissiveB": 0.0,
        "emissiveG": 0.0,
        "emissiveR": 0.5490000247955322,
        "emissiveStrength": 0.10000000149011612,
        "lightIntensity": 0.4000000059604645,
        "lightPitch": 45.0,
        "lightYaw": 225.0,
        "metallic": 0.0,
        "roughness": 0.5
      }
    },
    {
      "bloom": {
        "enabled": true,
        "strength": 0.5,
        "threshold": 0.15000000596046448
      },
      "hasData": true,
      "material": {
        "albedoB": 0.20000000298023224,
        "albedoG": 0.30000001192092896,
        "albedoR": 0.800000011920929,
        "ambientStrength": 0.0010000000474974513,
        "emissiveB": 0.0,
        "emissiveG": 0.0,
        "emissiveR": 0.5490000247955322,
        "emissiveStrength": 0.10000000149011612,
        "lightIntensity": 0.4000000059604645,
        "lightPitch": 45.0,
        "lightYaw": 139.0,
        "metallic": 0.0,
        "roughness": 0.5
      }
    },
    {
      "hasData": false
    }
  ]
}